type_id,valeur_id,devise,montant,nom_complet,statut,error_message
PERSONAL_ID,8884191054,XOF,20000,Abdou Kpangon,SUCCES,
PERSONAL_ID,231397586,XOF,1000,Emile Djegui,SUCCES,
PERSONAL_ID,6934235077,XOF,500,Sylvie Lokossou,SUCCES,
PERSONAL_ID,9368482395,XOF,100,Chabi Ahouansou,SUCCES,
PERSONAL_ID,3948329914,XOF,500,Boris Avocè,SUCCES,
PERSONAL_ID,4329208405,XOF,2500,Claude Agossa,SUCCES,
PERSONAL_ID,771818770,XOF,100,Mariam Ahossi,SUCCES,
PERSONAL_ID,171529544,XOF,10000,Landry Gandonou,SUCCES,
PERSONAL_ID,4539151898,XOF,50000,Abdou Gbaguidi,SUCCES,
PERSONAL_ID,9087621504,XOF,2500,Jacques Dossou,SUCCES,
PERSONAL_ID,70474540,XOF,15000,Ulrich Tokoudagba,SUCCES,
PERSONAL_ID,5803867225,XOF,5000,Gildas Adimou,SUCCES,
PERSONAL_ID,5594968251,XOF,10000,Jacques Adimou,SUCCES,
PERSONAL_ID,8734521371,XOF,20000,Serge Chabi,SUCCES,
PERSONAL_ID,3772308088,XOF,1000,Ulrich Olory,SUCCES,
PERSONAL_ID,9876169082,XOF,7500,Abdou Koukpaki,SUCCES,
PERSONAL_ID,2777655741,XOF,50000,Ruth Gandonou,SUCCES,
PERSONAL_ID,8854610187,XOF,500,Irène Djegui,SUCCES,
PERSONAL_ID,7265771538,XOF,100,Ruth Fagbemi,SUCCES,
PERSONAL_ID,3441364398,XOF,5000,Gildas Houénou,SUCCES,
PERSONAL_ID,1714834263,XOF,15000,Blandine Hounsa,SUCCES,
PERSONAL_ID,3953384907,NGN,15000,Ange Adjaho,SUCCES,
PERSONAL_ID,507687611,XOF,10000,Malick Kpakpo,SUCCES,
PERSONAL_ID,4621439752,XOF,15000,Olivier Houngbédji,SUCCES,
PERSONAL_ID,9499590047,XOF,5000,Flora Hounkpè,SUCCES,
PERSONAL_ID,315793164,XOF,500,,SUCCES,
PERSONAL_ID,8339295278,XOF,500,Ange-Marie Ahossi,SUCCES,
PERSONAL_ID,9763277603,XOF,250,Ange-Marie Agossa,SUCCES,
PERSONAL_ID,862878041,XOF,20000,Dieudonné Agbo,SUCCES,
PERSONAL_ID,1932010596,XOF,15000,Flora Ahouansou,SUCCES,
PERSONAL_ID,6839623034,XOF,1000,Valentin Azonhidé,SUCCES,
PERSONAL_ID,4714171451,XOF,1000,Abdou Tchibozo,SUCCES,
PERSONAL_ID,2285675289,XOF,7500,Boris Zinsou,SUCCES,
PERSONAL_ID,4119393915,XOF,50000,Dieudonné Kpangon,SUCCES,
PERSONAL_ID,3800790735,XOF,7500,Flora Deguenon,SUCCES,
PERSONAL_ID,9824493180,XOF,10000,Lionel Tchibozo,SUCCES,
PERSONAL_ID,469765385,XOF,7500,Pacôme Agossa,SUCCES,
PERSONAL_ID,5821074311,XOF,250,Judith Houénou,SUCCES,
PERSONAL_ID,3501356024,XOF,2500,Samson Kpakpo,SUCCES,
PERSONAL_ID,1172819737,XOF,50000,Emile Gbaguidi,SUCCES,
PERSONAL_ID,1939436702,XOF,15000,Blandine Ahossi,SUCCES,
PERSONAL_ID,8449354209,XOF,1000,Ange-Marie Kpangon,SUCCES,
PERSONAL_ID,884283403,XOF,2500,Ange-Marie Avocè,SUCCES,
PERSONAL_ID,7627432681,XOF,500,Rosine Kpakpo,SUCCES,
PERSONAL_ID,9493899745,XOF,5000,Lionel Djegui,SUCCES,
PERSONAL_ID,5316885535,XOF,1000,Jacques Fagbohoun,SUCCES,
PERSONAL_ID,4945692763,XOF,10000,Malick Djossou,SUCCES,
PERSONAL_ID,5900055579,XOF,20000,Valentin Koukpaki,SUCCES,
PERSONAL_ID,7932594758,XOF,2500,Dieudonné Adimou,SUCCES,
PERSONAL_ID,9024290040,XOF,20000,Samson Kpakpo,SUCCES,
PERSONAL_ID,3767336674,XOF,7500,Marlène Agbo,SUCCES,
PERSONAL_ID,988883335,XOF,250,Germaine Zinsou,SUCCES,
PERSONAL_ID,5662458658,XOF,2500,Honoré Zannou,SUCCES,
PERSONAL_ID,7423999964,XOF,1000,Jacques Houngbédji,SUCCES,
PERSONAL_ID,2322169835,XOF,1000,Noël Houkpe,SUCCES,
PERSONAL_ID,8544814283,XOF,7500,Serge Ahouandjinou,SUCCES,
PERSONAL_ID,2731327787,XOF,50000,Ruth Deguenon,SUCCES,
PERSONAL_ID,2972525733,XOF,500,Hervé Yayi,SUCCES,
PERSONAL_ID,7366197984,XOF,5000,Abdou Fagbohoun,SUCCES,
PERSONAL_ID,9869695800,XOF,250,Aminata Gbaguidi,SUCCES,
PERSONAL_ID,8043516573,XOF,100,Jacques Olory,SUCCES,
PERSONAL_ID,4398216355,XOF,250,Catherine Ahossi,SUCCES,
PERSONAL_ID,1151006576,XOF,15000,Ange Chabi,SUCCES,
PERSONAL_ID,5628847133,XOF,20000,Aurore Koukpaki,SUCCES,
PERSONAL_ID,1936334848,XOF,100,Judith Houndjo,SUCCES,
PERSONAL_ID,9666659810,XOF,50000,Théophile Koukpaki,SUCCES,
PERSONAL_ID,669577437,XOF,100,Samson Agbo,SUCCES,
PERSONAL_ID,386620590,XOF,10000,Lionel Hountondji,SUCCES,
PERSONAL_ID,8850653829,XOF,7500,Malick Hounguevou,SUCCES,
PERSONAL_ID,3335799638,XOF,2500,Pacôme Djegui,SUCCES,
PERSONAL_ID,757302786,XOF,15000,Christelle Fagbemi,SUCCES,
PERSONAL_ID,8690447543,XOF,250,Claude Ahossi,SUCCES,
PERSONAL_ID,2716194317,XOF,15000,Judith Koukpaki,SUCCES,
PERSONAL_ID,2237901051,XOF,1000,Marlène Hountondji,SUCCES,
PERSONAL_ID,5442440228,XOF,15000,Blandine Adjovi,SUCCES,
PERSONAL_ID,7509297443,XOF,100,Joseph Ahouandjinou,SUCCES,
PERSONAL_ID,7546218991,XOF,10000,Marlène Yayi,SUCCES,
PERSONAL_ID,780932380,XOF,500,Malick Lokossou,SUCCES,
PERSONAL_ID,7349535324,XOF,20000,Donatien Gbaguidi,SUCCES,
PERSONAL_ID,8489293462,XOF,7500,Malick Avocè,SUCCES,
PERSONAL_ID,1736236928,XOF,10000,Ruth Lokossou,SUCCES,
PERSONAL_ID,1387873836,XOF,7500,Théophile Fagbohoun,SUCCES,
PERSONAL_ID,6126308187,XOF,1000,Théophile Koukpaki,SUCCES,
PERSONAL_ID,984843510,XOF,100,Rosine Chabi,SUCCES,
PERSONAL_ID,2079977470,XOF,250,Gildas Hountondji,SUCCES,
PERSONAL_ID,3445926534,XOF,7500,Serge Ahouansou,SUCCES,
PERSONAL_ID,3709268705,XOF,5000,Abdou Olory,SUCCES,
PERSONAL_ID,9231072025,XOF,2500,Ange Kpakpo,SUCCES,
PERSONAL_ID,1305960234,XOF,250,Noël Ahossi,SUCCES,
PERSONAL_ID,6146867332,XOF,50000,Mariam Gbaguidi,SUCCES,
PERSONAL_ID,9817514190,XOF,100,Dieudonné Gandonou,SUCCES,
PERSONAL_ID,4504016651,XOF,7500,Ange-Marie Adjaho,SUCCES,
PERSONAL_ID,4221132391,XOF,50000,Rosine Yayi,SUCCES,
PERSONAL_ID,7395494611,XOF,100,Noël Zannou,SUCCES,
PERSONAL_ID,6386170932,XOF,10000,Noël Hountondji,SUCCES,
PERSONAL_ID,7770162832,XOF,50000,Noël Ahouandjinou,SUCCES,
PERSONAL_ID,683628105,XOF,20000,Christelle Houénou,SUCCES,
PERSONAL_ID,9272652461,XOF,500,Germaine Djegui,SUCCES,
PERSONAL_ID,5116164490,XOF,250,Ange-Marie Agossa,SUCCES,
PERSONAL_ID,2178657277,XOF,2500,Kossi Agbo,SUCCES,
PERSONAL_ID,436372634,XOF,50000,Catherine Ahouandjinou,SUCCES,
PERSONAL_ID,7144842452,XOF,250,Ruth Ahossi,SUCCES,
PERSONAL_ID,4195515366,XOF,500,Marlène Ahouandjinou,SUCCES,
PERSONAL_ID,846363951X,XOF,10000,Claude Ahossi,SUCCES,
PERSONAL_ID,2147783565,XOF,7500,Sylvie Fagbemi,SUCCES,
PERSONAL_ID,9559582,XOF,250,Joseph Djossou,SUCCES,
PERSONAL_ID,5295660807,XOF,1000,Jacques Hounkpè,SUCCES,
PERSONAL_ID,1124325698,XOF,500,Chabi Lokossou,SUCCES,
PERSONAL_ID,4971663221,XOF,5000,Germaine Hountondji,SUCCES,
PERSONAL_ID,3375071905,XOF,10000,Théophile Hountondji,SUCCES,
PERSONAL_ID,3189664183,XOF,2500,Fabrice Houkpe,SUCCES,
PERSONAL_ID,7309205533,XOF,500,Mariam Hountondji,SUCCES,
PERSONAL_ID,9122897371,XOF,500,Théophile Kpangon,SUCCES,
PERSONAL_ID,8228630269,XOF,15000,Landry Agbo,SUCCES,
PERSONAL_ID,3386159285,XOF,250,Samson Agbo,SUCCES,
PERSONAL_ID,2928750041,XOF,10000,Aminata Kpakpo,SUCCES,
PERSONAL_ID,2815784770,XOF,500,Boris Olory,SUCCES,
PERSONAL_ID,8689647537,XOF,10000,Claude Houngbédji,SUCCES,
PERSONAL_ID,7841164415,XOF,2500,Pacôme Chabi,SUCCES,
PERSONAL_ID,4205730410,XOF,20000,Chabi Hountondji,SUCCES,
PERSONAL_ID,4390512316,XOF,500,Malick Tokoudagba,SUCCES,
PERSONAL_ID,3552897128,XOF,50000,Hervé Ahouansou,SUCCES,
PERSONAL_ID,845122079,XOF,250,Théophile Hountondji,SUCCES,
PHONE,2939433186,XOF,10000,Claude Fagbohoun,ECHOUE,Le type est invalide
PERSONAL_ID,6439939215,XOF,15000,Hervé Houndjo,SUCCES,
PERSONAL_ID,6574443569,XOF,100,Catherine Kpangon,SUCCES,
PERSONAL_ID,9490931128,XOF,100,Hervé Hountondji,SUCCES,
PERSONAL_ID,797162206,XOF,250,Claude Hountondji,SUCCES,
PERSONAL_ID,2165861797,XOF,1000,Aminata Dossou,SUCCES,
PERSONAL_ID,31814966,XOF,20000,Malick Lokossou,SUCCES,
PERSONAL_ID,2407626219,XOF,5000,Irène Olory,SUCCES,
PERSONAL_ID,5608768525,XOF,2500,Noël Ahossi,SUCCES,
PERSONAL_ID,1291942668,XOF,10000,Honoré Soglo,SUCCES,
PERSONAL_ID,7488914289,XOF,1000,Samson Adimou,SUCCES,
PERSONAL_ID,5763381023,XOF,500,Ruth Fagbohoun,SUCCES,
PERSONAL_ID,4957501237,XOF,1000,Ismaël Adjovi,SUCCES,
PERSONAL_ID,6301865397,XOF,15000,Serge Dossou,SUCCES,
PERSONAL_ID,6301865397,XOF,100,Justine Azonhidé,SUCCES,
PERSONAL_ID,9497999526,XOF,15000,Kossi Kpangon,SUCCES,
PERSONAL_ID,3269998106,XOF,10000,Jacques Fagbemi,SUCCES,
PERSONAL_ID,4498848523,XOF,2500,Honoré Hounsa,SUCCES,
PERSONAL_ID,4425833358,XOF,2500,Mariam Adéyèmi,SUCCES,
PERSONAL_ID,9652635976,XOF,1000,Fabrice Zannou,SUCCES,
PERSONAL_ID,3854652866,XOF,7500,Irène Azon,SUCCES,
PERSONAL_ID,5665608889,XOF,50000,Marlène Tchibozo,SUCCES,
PERSONAL_ID,3272476964,XOF,250,Claude Ahossi,SUCCES,
PERSONAL_ID,8026445452,XOF,50000,Ruth Houngbédji,SUCCES,
PERSONAL_ID,2476282070,XOF,250,Théophile Ahouandjinou,SUCCES,
PERSONAL_ID,7745107762,XOF,1000,Landry Fagbemi,SUCCES,
PERSONAL_ID,3922014709,XOF,500,Pacôme Olory,SUCCES,
PERSONAL_ID,8867306662,XOF,250,Chabi Djossou,SUCCES,
PERSONAL_ID,2843008586,XOF,5000,Honoré Ahossi,SUCCES,
PERSONAL_ID,2788822193,XOF,2500,Noël Zannou,SUCCES,
PERSONAL_ID,3392258638,XOF,20000,Gildas Adimou,SUCCES,
PERSONAL_ID,108633787,XOF,1000,Ulrich Hounsa,SUCCES,
PERSONAL_ID,911564273,XOF,10000,Emile Yayi,SUCCES,
PERSONAL_ID,909309742,XOF,5000,Flora Djegui,SUCCES,
PERSONAL_ID,7337144555,XOF,1000,Samson Ahouansou,SUCCES,
PERSONAL_ID,8408644619,XOF,10000,Noël Avocè,SUCCES,
PERSONAL_ID,251209599,XOF,2500,Emile Fagbemi,SUCCES,
PERSONAL_ID,5542407066,XOF,500,Chabi Houngbédji,SUCCES,
PERSONAL_ID,652022377,XOF,50000,Pacôme Djossou,SUCCES,
PERSONAL_ID,2179687771,XOF,5000,Théophile Kpakpo,SUCCES,
PERSONAL_ID,396876602,XOF,1000,Dieudonné Zinsou,SUCCES,
PERSONAL_ID,8749352445,XOF,2500,Justine Hountondji,SUCCES,
PERSONAL_ID,4782608152,XOF,10000,Hervé Koukpaki,SUCCES,
PERSONAL_ID,3730322257,XOF,2500,Serge Deguenon,SUCCES,
PERSONAL_ID,6557044211,XOF,15000,Abdou Agbo,SUCCES,
PERSONAL_ID,102140347,XOF,15000,Samson Hountondji,SUCCES,
PERSONAL_ID,6568964486,XOF,20000,Patrice Zannou,SUCCES,
PERSONAL_ID,2523233617,XOF,10000,Joseph Adéyèmi,SUCCES,
PERSONAL_ID,2630608213,XOF,500,Gildas Ahossi,SUCCES,
PERSONAL_ID,1816789573,XOF,100,Lionel Djegui,SUCCES,
PERSONAL_ID,3101095991,XOF,5000,Gildas Yayi,SUCCES,
PERSONAL_ID,4283750842,XOF,250,Blandine Houndjo,SUCCES,
PERSONAL_ID,3562497155,XOF,7500,Judith Fagbemi,SUCCES,
PERSONAL_ID,7423264339,XOF,500,Lionel Olory,SUCCES,
PHONE,9767725757,XOF,500,Flora Gandonou,ECHOUE,Le type est invalide
PERSONAL_ID,1590032265,XOF,50000,Rosine Houngbédji,SUCCES,
PERSONAL_ID,9698542475,XOF,7500,Donatien Avocè,SUCCES,
PERSONAL_ID,4693886707,XOF,1000,Valentin Adéyèmi,SUCCES,
PERSONAL_ID,8288273683,XOF,250,Olivier Agossa,SUCCES,
PERSONAL_ID,9550382447,XOF,20000,Aminata Chabi,SUCCES,
PERSONAL_ID,9292437523,XOF,5000,Donatien Ahouandjinou,SUCCES,
PERSONAL_ID,7099973095,XOF,7500,Christelle Deguenon,SUCCES,
PERSONAL_ID,1083222049,XOF,250,Malick Houndjo,SUCCES,
